experiment,variant,target_mode,feature_mode,average_score,average_steps,time_per_step_ms,rate_1024,rate_2048,rate_4096,td_error_rms_final,td_error_rms_mean,average_bias,model_path,train_seconds
3-A,"Q(s,a)+StateNTuple",q,state,2569.6,231.1,0.6644905106876354,0.0,0.0,0.0,37.962411022227215,29.2488804015708,-1240.4639602216157,models\qlearning_runs\20260620_183256\qlearning_3a.pkl,3702.9249342000003
3-B,"Q(s,a)+AfterstateNTuple",q,afterstate,2889.2,249.4,0.5874747991500899,0.0,0.0,0.0,65.011371347783,43.156643013183476,-1418.9333927827217,models\qlearning_runs\20260620_183256\qlearning_3b.pkl,3339.9074198999997
3-C,V(s')+StateNTuple,v,state,2644.8,233.0,0.5370179239236695,0.0,0.0,0.0,49.37476061970978,38.28011429190632,-1803.7725972007229,models\qlearning_runs\20260620_183256\qlearning_3c.pkl,3843.7946104999996
3-D,V(s')+AfterstateNTuple,v,afterstate,6446.8,446.7,0.5214484645307788,0.1,0.0,0.0,115.09167142130707,84.06823939620419,-4242.166076645354,models\qlearning_runs\20260620_183256\qlearning_3d.pkl,5918.5296371
3-E,MV(s')+AfterstateNTuple,mv,afterstate,5183.6,384.9,0.8980476769209969,0.0,0.0,0.0,95.89445526483632,83.62000616833063,-4126.421975097104,models\qlearning_runs\20260620_183256\qlearning_3e.pkl,13319.164195000001
