experiment,variant,target_mode,feature_mode,average_score,average_steps,time_per_step_ms,rate_1024,rate_2048,rate_4096,td_error_rms_final,td_error_rms_mean,average_bias,model_path,train_seconds
3-A,"Q(s,a)+StateNTuple",q,state,1886.4,186.9,0.489578494944572,0.0,0.0,0.0,35.22871171582831,26.900307201150337,-912.5147551366151,models\qlearning_runs\20260619_171313\qlearning_3a.pkl,3242.5150892
3-B,"Q(s,a)+AfterstateNTuple",q,afterstate,2644.8,224.7,0.3666247036310828,0.0,0.0,0.0,55.346941138280805,42.25868516324201,-1523.3895217962581,models\qlearning_runs\20260619_171313\qlearning_3b.pkl,3013.6239725
3-C,V(s')+StateNTuple,v,state,2644.8,233.0,0.3364861919652618,0.0,0.0,0.0,50.81355042023985,38.54351239509713,-1794.679925916768,models\qlearning_runs\20260619_171313\qlearning_3c.pkl,3415.6447887000004
3-D,V(s')+AfterstateNTuple,v,afterstate,5807.6,414.7,0.39725864351564366,0.1,0.0,0.0,97.34953507683366,74.43220725719335,-4448.158509879562,models\qlearning_runs\20260619_171313\qlearning_3d.pkl,5712.466298200001
3-E,MV(s')+AfterstateNTuple,mv,afterstate,5658.0,400.9,0.8657941225795522,0.1,0.0,0.0,90.22264603957844,74.43308350442601,-4767.656270050743,models\qlearning_runs\20260619_171313\qlearning_3e.pkl,13076.469184000001
