{
  "config": {
    "mode": "full",
    "seed": 181,
    "workers": 31,
    "output_dir": "models\\phrase_1\\eval_results",
    "search_games": 100,
    "search_depth": 3,
    "regret_boards": 500,
    "planning_boards": 100,
    "planning_rollouts": [
      200,
      500,
      1000,
      2000
    ],
    "planning_stability_runs": 50,
    "planning_eval_games": 10,
    "max_game_steps": null,
    "q_episodes": 10000,
    "q_eval_games": 10,
    "q_bias_episode": 90000,
    "q_bias_samples": 100,
    "q_td_window": 1000
  },
  "summary": [
    {
      "experiment": "3-A",
      "variant": "Q(s,a)+StateNTuple",
      "target_mode": "q",
      "feature_mode": "state",
      "average_score": 2027.2,
      "average_steps": 190.4,
      "time_per_step_ms": 0.19863912714011392,
      "rate_1024": 0.0,
      "rate_2048": 0.0,
      "rate_4096": 0.0,
      "rate_8192": 0.0,
      "rate_16384": 0.0,
      "rate_32768": 0.0,
      "td_error_rms_final": 92.33494903686453,
      "td_error_rms_mean": 72.49085310406828,
      "normalized_td_rms_final": 0.02125085133184454,
      "average_bias": -1302.9522566435905,
      "average_norm_bias": -0.39079240928747583,
      "model_path": "models\\phrase_1\\qlearning_runs\\20260627_122637\\qlearning_3a.pkl",
      "train_seconds": 1068.2122865
    },
    {
      "experiment": "3-B",
      "variant": "Q(s,a)+AfterstateNTuple",
      "target_mode": "q",
      "feature_mode": "afterstate",
      "average_score": 7370.8,
      "average_steps": 521.7,
      "time_per_step_ms": 0.1416885390352583,
      "rate_1024": 0.0,
      "rate_2048": 0.0,
      "rate_4096": 0.0,
      "rate_8192": 0.0,
      "rate_16384": 0.0,
      "rate_32768": 0.0,
      "td_error_rms_final": 164.4472391365708,
      "td_error_rms_mean": 147.99269092899954,
      "normalized_td_rms_final": 0.021320788167583406,
      "average_bias": -3410.55112379596,
      "average_norm_bias": -0.41687062379627704,
      "model_path": "models\\phrase_1\\qlearning_runs\\20260627_122637\\qlearning_3b.pkl",
      "train_seconds": 1536.9986463999999
    },
    {
      "experiment": "3-C",
      "variant": "V(s')+StateNTuple",
      "target_mode": "v",
      "feature_mode": "state",
      "average_score": 2644.8,
      "average_steps": 233.0,
      "time_per_step_ms": 0.16190111190177867,
      "rate_1024": 0.0,
      "rate_2048": 0.0,
      "rate_4096": 0.0,
      "rate_8192": 0.0,
      "rate_16384": 0.0,
      "rate_32768": 0.0,
      "td_error_rms_final": 79.50735140511104,
      "td_error_rms_mean": 61.91075624429251,
      "normalized_td_rms_final": 0.03600550285531702,
      "average_bias": -1164.1229317610077,
      "average_norm_bias": 0.7205992880022281,
      "model_path": "models\\phrase_1\\qlearning_runs\\20260627_122637\\qlearning_3c.pkl",
      "train_seconds": 775.5024894999999
    },
    {
      "experiment": "3-D",
      "variant": "V(s')+AfterstateNTuple",
      "target_mode": "v",
      "feature_mode": "afterstate",
      "average_score": 14310.0,
      "average_steps": 864.8,
      "time_per_step_ms": 0.07906267683425847,
      "rate_1024": 0.6,
      "rate_2048": 0.1,
      "rate_4096": 0.0,
      "rate_8192": 0.0,
      "rate_16384": 0.0,
      "rate_32768": 0.0,
      "td_error_rms_final": 288.95083707689173,
      "td_error_rms_mean": 330.0988088237612,
      "normalized_td_rms_final": 0.017052277195449498,
      "average_bias": -6647.047773266768,
      "average_norm_bias": -0.13123843170877694,
      "model_path": "models\\phrase_1\\qlearning_runs\\20260627_122637\\qlearning_3d.pkl",
      "train_seconds": 1896.6557198
    },
    {
      "experiment": "3-E",
      "variant": "MV(s')+AfterstateNTuple",
      "target_mode": "mv",
      "feature_mode": "afterstate",
      "average_score": 16017.6,
      "average_steps": 939.3,
      "time_per_step_ms": 0.19613876974079764,
      "rate_1024": 0.7,
      "rate_2048": 0.2,
      "rate_4096": 0.0,
      "rate_8192": 0.0,
      "rate_16384": 0.0,
      "rate_32768": 0.0,
      "td_error_rms_final": 311.2435031235338,
      "td_error_rms_mean": 331.1884555943612,
      "normalized_td_rms_final": 0.017829151808646033,
      "average_bias": -6434.302437196626,
      "average_norm_bias": -0.3014824997517179,
      "model_path": "models\\phrase_1\\qlearning_runs\\20260627_122637\\qlearning_3e.pkl",
      "train_seconds": 4286.3445864000005
    }
  ],
  "details": {}
}