experiment,variant,target_mode,feature_mode,average_score,average_steps,time_per_step_ms,rate_1024,rate_2048,rate_4096,rate_8192,rate_16384,rate_32768,td_error_rms_final,td_error_rms_mean,normalized_td_rms_final,average_bias,average_norm_bias,model_path,train_seconds
3-A,"Q(s,a)+StateNTuple",q,state,4466.0,329.5,0.17377651530234456,0.1,0.0,0.0,0.0,0.0,0.0,119.43477423263077,96.78081638999382,0.03372910879204484,-1329.681741871842,0.5907084241728097,models\phrase_1\qlearning_runs\20260627_135045\qlearning_3a.pkl,3436.9853238
3-B,"Q(s,a)+AfterstateNTuple",q,afterstate,10046.4,647.7,0.15979367732035551,0.3,0.0,0.0,0.0,0.0,0.0,253.5355083606809,236.38065151439548,0.016742752978979127,-5365.455771794406,-0.36099517331304803,models\phrase_1\qlearning_runs\20260627_135045\qlearning_3b.pkl,5572.7872839
3-C,V(s')+StateNTuple,v,state,2644.8,233.0,0.1779569323362201,0.0,0.0,0.0,0.0,0.0,0.0,89.18636838995396,69.41038273918699,0.02048848343440247,-776.3064661108765,1.4234301073534623,models\phrase_1\qlearning_runs\20260627_135045\qlearning_3c.pkl,2140.1750029
3-D,V(s')+AfterstateNTuple,v,afterstate,20423.2,1138.7,0.12473983454858428,0.9,0.4,0.0,0.0,0.0,0.0,527.4201768802232,654.9318976265597,0.022450099045682678,-3723.66051801868,0.20334229694500958,models\phrase_1\qlearning_runs\20260627_135045\qlearning_3d.pkl,5783.4165324000005
3-E,MV(s')+AfterstateNTuple,mv,afterstate,22508.4,1249.2,0.1494853578343655,0.9,0.4,0.0,0.0,0.0,0.0,524.5919223967453,666.6639824849443,0.030448193301801922,-2613.7542613611377,0.18244274864484122,models\phrase_1\qlearning_runs\20260627_135045\qlearning_3e.pkl,12913.2304687
