experiment,variant,target_mode,feature_mode,average_score,average_steps,time_per_step_ms,rate_1024,rate_2048,rate_4096,td_error_rms_final,td_error_rms_mean,td_error_rms_min,td_error_rms_max,bias_episode,average_bias,max_bias,min_bias,model_path,train_seconds
3-A,"Q(s,a)+StateNTuple",q,state,0.0,3.0,0.6634666666666863,0.0,0.0,0.0,2.004037427305562,2.6298011249549638,2.004037427305562,3.348568422890264,6,-351.99874712000565,-63.9987471200056,-639.9987471200056,models\qlearning_runs\20260615_161428\qlearning_3a_q_state.pkl,0.5974339
3-B,"Q(s,a)+AfterstateNTuple",q,afterstate,4.0,3.0,0.4158666666667088,0.0,0.0,0.0,4.400568187058231,3.0407991523927613,2.2002392307646623,4.400568187058231,6,-1577.995002972899,-680.0,-2475.990005945798,models\qlearning_runs\20260615_161428\qlearning_3b_q_afterstate.pkl,0.276552
3-C,V(s')+StateNTuple,v,state,4.0,3.0,0.39173333333334764,0.0,0.0,0.0,7.416752488975627,4.773622740295935,2.1710394297286806,7.416752488975627,6,-2053.989442663129,-1415.99937241001,-2691.9795129162476,models\qlearning_runs\20260615_161428\qlearning_3c_v_state.pkl,0.287215
3-D,V(s')+AfterstateNTuple,v,afterstate,12.0,3.0,0.4175333333333124,0.0,0.0,0.0,5.956392286147654,5.197466520576078,4.742363853184439,5.956392286147654,6,-2261.939035066838,-519.9383992742312,-4003.9396708594454,models\qlearning_runs\20260615_161428\qlearning_3d_v_afterstate.pkl,0.23255789999999998
