experiment,variant,rollouts,average_score,average_steps,time_per_step_ms,rate_1024,rate_2048,rate_4096,rate_8192,rate_16384,rate_32768,root_action_value_variance,visit_policy_entropy,policy_recommendation_entropy,single_step_time_ms
2-A,Standard MCTS (200 rollouts),200,48548.0,2349.0,50.196580120949406,1.0,1.0,0.5,0.0,0.0,0.0,25.01500657497079,1.2207884325076628,0.34178801586066937,188.66738699999988
2-E,Afterstate MCTS (200 rollouts),200,45413.6,2218.1,55.976901293591084,1.0,1.0,0.4,0.0,0.0,0.0,22.67787209722825,1.2245673881496877,0.33875887975817826,192.60651100000004
2-B,Standard MCTS (500 rollouts),500,58056.4,2730.6,125.82176847886642,1.0,1.0,0.7,0.0,0.0,0.0,23.200438945712406,1.2058269777455242,0.2391630263748713,328.17463
2-F,Afterstate MCTS (500 rollouts),500,54280.4,2582.7,116.13682144556572,1.0,1.0,0.5,0.0,0.0,0.0,22.482091878769474,1.2092272627098226,0.26324322331487265,309.79237299999994
2-C,Standard MCTS (1000 rollouts),1000,48642.0,2362.4,231.81820251191934,1.0,1.0,0.4,0.0,0.0,0.0,21.70859255361316,1.1912450102760614,0.17875156995089322,537.9200040000001
2-G,Afterstate MCTS (1000 rollouts),1000,60496.8,2850.0,220.6311638565925,1.0,1.0,0.7,0.0,0.0,0.0,21.001865426084493,1.1953767991591493,0.19979282026716763,481.49840500000033
2-D,Standard MCTS (2000 rollouts),2000,58614.0,2779.2,464.15122639660603,1.0,1.0,0.6,0.0,0.0,0.0,21.144735477595976,1.1699304480461208,0.12541176724699865,823.5313460000001
2-H,Afterstate MCTS (2000 rollouts),2000,65934.4,3084.5,443.61306772819796,1.0,1.0,0.8,0.0,0.0,0.0,20.399227769443424,1.1754297566207639,0.14621590737647971,824.717121
