{
  "config": {
    "mode": "full",
    "seed": 181,
    "workers": 47,
    "output_dir": "models/phrase_1/eval_results",
    "search_games": 100,
    "search_depth": 3,
    "regret_boards": 500,
    "planning_boards": 100,
    "planning_rollouts": [
      200,
      500,
      1000,
      2000
    ],
    "planning_stability_runs": 50,
    "planning_eval_games": 10,
    "max_game_steps": null,
    "q_episodes": 25000,
    "q_eval_games": 100,
    "q_bias_episode": 90000,
    "q_bias_samples": 100,
    "q_td_window": 1000
  },
  "summary": [
    {
      "experiment": "3-A",
      "variant": "Q(s,a)+StateNTuple",
      "target_mode": "q",
      "feature_mode": "state",
      "average_score": 3672.2,
      "average_steps": 291.06,
      "time_per_step_ms": 0.07551920605259867,
      "rate_1024": 0.01,
      "rate_2048": 0.0,
      "rate_4096": 0.0,
      "rate_8192": 0.0,
      "rate_16384": 0.0,
      "rate_32768": 0.0,
      "td_error_rms_final": 105.64116961025739,
      "td_error_rms_mean": 96.78081638999382,
      "normalized_td_rms_final": 0.03152060116778869,
      "average_bias": -1329.681741871842,
      "average_norm_bias": 0.5907084241728097,
      "norm_bias_rom": -0.5243307236201841,
      "td_error_m_rms_final": 0.0,
      "td_error_m_rms_mean": 0.0,
      "model_path": "models/phrase_1/qlearning_runs/20260627_225938/qlearning_3a.pkl",
      "train_seconds": 919.19509436097
    },
    {
      "experiment": "3-B",
      "variant": "Q(s,a)+AfterstateNTuple",
      "target_mode": "q",
      "feature_mode": "afterstate",
      "average_score": 10565.76,
      "average_steps": 673.65,
      "time_per_step_ms": 0.05792291313553205,
      "rate_1024": 0.41,
      "rate_2048": 0.01,
      "rate_4096": 0.0,
      "rate_8192": 0.0,
      "rate_16384": 0.0,
      "rate_32768": 0.0,
      "td_error_rms_final": 242.4887074582139,
      "td_error_rms_mean": 236.38065151439548,
      "normalized_td_rms_final": 0.025984053189307067,
      "average_bias": -5365.455771794406,
      "average_norm_bias": -0.36099517331304803,
      "norm_bias_rom": -0.5336659158972591,
      "td_error_m_rms_final": 0.0,
      "td_error_m_rms_mean": 0.0,
      "model_path": "models/phrase_1/qlearning_runs/20260627_225938/qlearning_3b.pkl",
      "train_seconds": 1539.2822248209268
    },
    {
      "experiment": "3-C",
      "variant": "V(s')+StateNTuple",
      "target_mode": "v",
      "feature_mode": "state",
      "average_score": 2979.56,
      "average_steps": 253.74,
      "time_per_step_ms": 0.05614853049220827,
      "rate_1024": 0.0,
      "rate_2048": 0.0,
      "rate_4096": 0.0,
      "rate_8192": 0.0,
      "rate_16384": 0.0,
      "rate_32768": 0.0,
      "td_error_rms_final": 84.58159949032462,
      "td_error_rms_mean": 69.41038273918699,
      "normalized_td_rms_final": 0.028195333548563035,
      "average_bias": -776.3064661108765,
      "average_norm_bias": 1.4234301073534623,
      "norm_bias_rom": -0.38437863486110224,
      "td_error_m_rms_final": 0.0,
      "td_error_m_rms_mean": 0.0,
      "model_path": "models/phrase_1/qlearning_runs/20260627_225938/qlearning_3c.pkl",
      "train_seconds": 627.8281575841829
    },
    {
      "experiment": "3-D",
      "variant": "V(s')+AfterstateNTuple",
      "target_mode": "v",
      "feature_mode": "afterstate",
      "average_score": 19508.44,
      "average_steps": 1094.75,
      "time_per_step_ms": 0.0442648123663105,
      "rate_1024": 0.84,
      "rate_2048": 0.34,
      "rate_4096": 0.0,
      "rate_8192": 0.0,
      "rate_16384": 0.0,
      "rate_32768": 0.0,
      "td_error_rms_final": 526.8580936546268,
      "td_error_rms_mean": 654.9318976265597,
      "normalized_td_rms_final": 0.03265907317923067,
      "average_bias": -3723.66051801868,
      "average_norm_bias": 0.20334229694500958,
      "norm_bias_rom": -0.19350405844826565,
      "td_error_m_rms_final": 0.0,
      "td_error_m_rms_mean": 0.0,
      "model_path": "models/phrase_1/qlearning_runs/20260627_225938/qlearning_3d.pkl",
      "train_seconds": 1704.865886582993
    },
    {
      "experiment": "3-E",
      "variant": "MV(s')+AfterstateNTuple",
      "target_mode": "mv",
      "feature_mode": "afterstate",
      "average_score": 20607.08,
      "average_steps": 1154.37,
      "time_per_step_ms": 0.07415262030446002,
      "rate_1024": 0.82,
      "rate_2048": 0.36,
      "rate_4096": 0.0,
      "rate_8192": 0.0,
      "rate_16384": 0.0,
      "rate_32768": 0.0,
      "td_error_rms_final": 538.0156359512143,
      "td_error_rms_mean": 666.6639824849443,
      "normalized_td_rms_final": 0.03366524791401688,
      "average_bias": -2613.7542613611377,
      "average_norm_bias": 0.18244274864484122,
      "norm_bias_rom": -0.1416893221778806,
      "td_error_m_rms_final": 173.56144093885896,
      "td_error_m_rms_mean": 120.96063324345324,
      "model_path": "models/phrase_1/qlearning_runs/20260627_225938/qlearning_3e.pkl",
      "train_seconds": 3314.508109738119
    }
  ],
  "details": {}
}