experiment,variant,target_mode,feature_mode,average_score,average_steps,time_per_step_ms,rate_1024,rate_2048,rate_4096,rate_8192,rate_16384,rate_32768,td_error_rms_final,td_error_rms_mean,normalized_td_rms_final,average_bias,average_norm_bias,norm_bias_rom,td_error_m_rms_final,td_error_m_rms_mean,model_path,train_seconds
3-A,"Q(s,a)+StateNTuple",q,state,3672.2,291.06,0.07551920605259867,0.01,0.0,0.0,0.0,0.0,0.0,105.64116961025739,96.78081638999382,0.03152060116778869,-1329.681741871842,0.5907084241728097,-0.5243307236201841,0.0,0.0,models/phrase_1/qlearning_runs/20260627_225938/qlearning_3a.pkl,919.19509436097
3-B,"Q(s,a)+AfterstateNTuple",q,afterstate,10565.76,673.65,0.05792291313553205,0.41,0.01,0.0,0.0,0.0,0.0,242.4887074582139,236.38065151439548,0.025984053189307067,-5365.455771794406,-0.36099517331304803,-0.5336659158972591,0.0,0.0,models/phrase_1/qlearning_runs/20260627_225938/qlearning_3b.pkl,1539.2822248209268
3-C,V(s')+StateNTuple,v,state,2979.56,253.74,0.05614853049220827,0.0,0.0,0.0,0.0,0.0,0.0,84.58159949032462,69.41038273918699,0.028195333548563035,-776.3064661108765,1.4234301073534623,-0.38437863486110224,0.0,0.0,models/phrase_1/qlearning_runs/20260627_225938/qlearning_3c.pkl,627.8281575841829
3-D,V(s')+AfterstateNTuple,v,afterstate,19508.44,1094.75,0.0442648123663105,0.84,0.34,0.0,0.0,0.0,0.0,526.8580936546268,654.9318976265597,0.03265907317923067,-3723.66051801868,0.20334229694500958,-0.19350405844826565,0.0,0.0,models/phrase_1/qlearning_runs/20260627_225938/qlearning_3d.pkl,1704.865886582993
3-E,MV(s')+AfterstateNTuple,mv,afterstate,20607.08,1154.37,0.07415262030446002,0.82,0.36,0.0,0.0,0.0,0.0,538.0156359512143,666.6639824849443,0.03366524791401688,-2613.7542613611377,0.18244274864484122,-0.1416893221778806,173.56144093885896,120.96063324345324,models/phrase_1/qlearning_runs/20260627_225938/qlearning_3e.pkl,3314.508109738119
