average_score,average_steps,time_per_step_ms,rate_1024,rate_2048,rate_4096,rate_8192,rate_16384,rate_32768,experiment,variant,algorithm,depth,leaf_mode,use_afterstate,use_pruning,b_eff,compression_ratio,node_count
4778.76,364.41,0.10604133892536952,0.01,0.0,0.0,0.0,0.0,0.0,1-A,Greedy Baseline,greedy,1,afterstate,False,False,3.4934405004510887,0.9969671581394798,3.4934405004510887
11058.8,681.86,4.925947190091709,0.57,0.01,0.0,0.0,0.0,0.0,1-B,Standard+Heuristic,expectimax,2,state,False,False,47.22586183654818,0.9962359634347382,2575.9190743816234
11951.64,722.15,0.6390952764319915,0.63,0.04,0.0,0.0,0.0,0.0,1-C,Afterstate+Heuristic,expectimax,2,afterstate,True,False,14.445156270705034,0.5038665729000688,220.2281449208588
64740.4,3000.46,26.80588518099281,1.0,0.92,0.72,0.09,0.0,0.0,1-D,Standard+StateNTuple,expectimax,2,state,False,False,39.590541859463045,0.998092682960583,1709.1665710779466
5065.96,369.86,34.47195498120979,0.09,0.0,0.0,0.0,0.0,0.0,1-E,Standard+AfterstateNTuple,expectimax,2,state,False,False,44.54889447923278,0.9939158613874944,2357.4011041443964
60125.56,2824.8,2.559349106027241,1.0,0.93,0.67,0.04,0.0,0.0,1-F,Afterstate+StateNTuple,expectimax,2,afterstate,True,False,13.223923973870551,0.5530592539020708,181.08125865535257
114884.6,4939.2,2.591024847711143,1.0,0.97,0.91,0.58,0.01,0.0,1-G,Afterstate+AfterstateNTuple,expectimax,2,afterstate,True,False,13.0435476788243,0.5528507441177218,176.4926890414996
125721.4,5370.62,2.314519834207468,1.0,1.0,0.96,0.68,0.0,0.0,1-H,AfterstateNTuple+Pruning,expectimax,2,afterstate,True,True,8.04103622645322,0.5965102504740853,66.17810251023253
