{
  "config": {
    "mode": "full",
    "seed": 181,
    "workers": 127,
    "output_dir": "models/phrase_1/eval_results",
    "search_games": 50,
    "search_depth": 3,
    "regret_boards": 500,
    "planning_boards": 10,
    "planning_rollouts": [
      200,
      500
    ],
    "planning_stability_runs": 50,
    "planning_eval_games": 20,
    "max_game_steps": null,
    "q_episodes": 100000,
    "q_eval_games": 100,
    "q_bias_episode": 90000,
    "q_bias_samples": 100,
    "q_td_window": 1000
  },
  "summary": [
    {
      "experiment": "3-D",
      "variant": "V(s')+AfterstateNTuple",
      "target_mode": "v",
      "feature_mode": "afterstate",
      "average_score": 18731.28,
      "average_steps": 1035.79,
      "time_per_step_ms": 0.07741478863723901,
      "rate_1024": 0.76,
      "rate_2048": 0.34,
      "rate_4096": 0.02,
      "rate_8192": 0.0,
      "rate_16384": 0.0,
      "rate_32768": 0.0,
      "td_error_rms_final": 1651.2542841647273,
      "td_error_rms_mean": 2276.25504883372,
      "normalized_td_rms_final": 0.09583906639543868,
      "average_bias": 34002.04958347238,
      "average_norm_bias": 2.7654100640106725,
      "norm_bias_rom": 1.9762153330810348,
      "td_error_m_rms_final": 0.0,
      "td_error_m_rms_mean": 0.0,
      "model_path": "models/phrase_1/qlearning_runs/20260629_204850/qlearning_3d.pkl",
      "train_seconds": 12693.188641699031
    },
    {
      "experiment": "3-E",
      "variant": "MV(s')+AfterstateNTuple",
      "target_mode": "mv",
      "feature_mode": "afterstate",
      "average_score": 18767.68,
      "average_steps": 1043.67,
      "time_per_step_ms": 0.1505628872813346,
      "rate_1024": 0.75,
      "rate_2048": 0.34,
      "rate_4096": 0.01,
      "rate_8192": 0.0,
      "rate_16384": 0.0,
      "rate_32768": 0.0,
      "td_error_rms_final": 1663.0841708370012,
      "td_error_rms_mean": 2290.8640783192513,
      "normalized_td_rms_final": 0.0973274687191357,
      "average_bias": 34314.15678934814,
      "average_norm_bias": 3.9146731483928345,
      "norm_bias_rom": 1.9341682781476248,
      "td_error_m_rms_final": 615.177894173173,
      "td_error_m_rms_mean": 580.5250686296973,
      "model_path": "models/phrase_1/qlearning_runs/20260629_204850/qlearning_3e.pkl",
      "train_seconds": 25923.1488554636
    }
  ],
  "details": {}
}