{
  "config": {
    "mode": "full",
    "seed": 181,
    "workers": 31,
    "output_dir": "models\\phase2\\results",
    "search_games": 100,
    "search_depth": 3,
    "regret_boards": 500,
    "planning_boards": 100,
    "planning_rollouts": [
      200,
      500,
      1000,
      2000
    ],
    "planning_stability_runs": 50,
    "planning_eval_games": 10,
    "max_game_steps": null,
    "q_episodes": 100000,
    "q_eval_games": 10,
    "q_bias_episode": 90000,
    "q_bias_samples": 100,
    "q_td_window": 1000
  },
  "summary": [
    {
      "p4_prob": 0.1,
      "experiment": "MCTS-State",
      "variant": "State MCTS",
      "average_score": 47815.28,
      "average_steps": 2314.64,
      "time_per_step_ms": 193.45818493772086,
      "rate_1024": 1.0,
      "rate_2048": 0.98,
      "rate_4096": 0.42,
      "rate_8192": 0.02,
      "rate_16384": 0.0,
      "rate_32768": 0.0,
      "micro_variance": 178.09320767903927,
      "micro_entropy": 0.43955853066334827,
      "micro_depth": 20.0
    },
    {
      "p4_prob": 0.1,
      "experiment": "MCTS-After",
      "variant": "Afterstate MCTS",
      "average_score": 51971.2,
      "average_steps": 2495.04,
      "time_per_step_ms": 207.47764157046566,
      "rate_1024": 1.0,
      "rate_2048": 0.94,
      "rate_4096": 0.52,
      "rate_8192": 0.0,
      "rate_16384": 0.0,
      "rate_32768": 0.0,
      "micro_variance": 188.2187920109118,
      "micro_entropy": 0.4536971199904022,
      "micro_depth": 18.0
    },
    {
      "p4_prob": 0.15,
      "experiment": "MCTS-State",
      "variant": "State MCTS",
      "average_score": 41618.88,
      "average_steps": 1984.7,
      "time_per_step_ms": 197.67612018915455,
      "rate_1024": 0.98,
      "rate_2048": 0.88,
      "rate_4096": 0.3,
      "rate_8192": 0.0,
      "rate_16384": 0.0,
      "rate_32768": 0.0,
      "micro_variance": 178.73370366056812,
      "micro_entropy": 0.43238267334891567,
      "micro_depth": 19.0
    },
    {
      "p4_prob": 0.15,
      "experiment": "MCTS-After",
      "variant": "Afterstate MCTS",
      "average_score": 41642.32,
      "average_steps": 2000.98,
      "time_per_step_ms": 211.33052509559428,
      "rate_1024": 1.0,
      "rate_2048": 0.96,
      "rate_4096": 0.24,
      "rate_8192": 0.0,
      "rate_16384": 0.0,
      "rate_32768": 0.0,
      "micro_variance": 187.89776462577612,
      "micro_entropy": 0.44455332273546655,
      "micro_depth": 18.0
    },
    {
      "p4_prob": 0.2,
      "experiment": "MCTS-State",
      "variant": "State MCTS",
      "average_score": 39466.24,
      "average_steps": 1813.44,
      "time_per_step_ms": 200.36670313045954,
      "rate_1024": 0.98,
      "rate_2048": 0.86,
      "rate_4096": 0.32,
      "rate_8192": 0.0,
      "rate_16384": 0.0,
      "rate_32768": 0.0,
      "micro_variance": 181.07237970259052,
      "micro_entropy": 0.4230330635884376,
      "micro_depth": 19.0
    },
    {
      "p4_prob": 0.2,
      "experiment": "MCTS-After",
      "variant": "Afterstate MCTS",
      "average_score": 43293.6,
      "average_steps": 1974.7,
      "time_per_step_ms": 213.152931703996,
      "rate_1024": 0.98,
      "rate_2048": 0.94,
      "rate_4096": 0.38,
      "rate_8192": 0.0,
      "rate_16384": 0.0,
      "rate_32768": 0.0,
      "micro_variance": 191.47352468144854,
      "micro_entropy": 0.4377879483347147,
      "micro_depth": 18.0
    },
    {
      "p4_prob": 0.25,
      "experiment": "MCTS-State",
      "variant": "State MCTS",
      "average_score": 39488.88,
      "average_steps": 1759.6,
      "time_per_step_ms": 198.96910844860767,
      "rate_1024": 1.0,
      "rate_2048": 0.88,
      "rate_4096": 0.3,
      "rate_8192": 0.0,
      "rate_16384": 0.0,
      "rate_32768": 0.0,
      "micro_variance": 186.99894700998848,
      "micro_entropy": 0.4127785994621474,
      "micro_depth": 20.0
    },
    {
      "p4_prob": 0.25,
      "experiment": "MCTS-After",
      "variant": "Afterstate MCTS",
      "average_score": 43035.36,
      "average_steps": 1901.08,
      "time_per_step_ms": 222.6081315567612,
      "rate_1024": 0.98,
      "rate_2048": 0.96,
      "rate_4096": 0.32,
      "rate_8192": 0.0,
      "rate_16384": 0.0,
      "rate_32768": 0.0,
      "micro_variance": 196.48812284443974,
      "micro_entropy": 0.4285662877997236,
      "micro_depth": 21.0
    },
    {
      "p4_prob": 0.3,
      "experiment": "MCTS-State",
      "variant": "State MCTS",
      "average_score": 36029.6,
      "average_steps": 1579.86,
      "time_per_step_ms": 196.29650842352763,
      "rate_1024": 1.0,
      "rate_2048": 0.9,
      "rate_4096": 0.2,
      "rate_8192": 0.0,
      "rate_16384": 0.0,
      "rate_32768": 0.0,
      "micro_variance": 187.27466452116133,
      "micro_entropy": 0.40850507449063506,
      "micro_depth": 18.0
    },
    {
      "p4_prob": 0.3,
      "experiment": "MCTS-After",
      "variant": "Afterstate MCTS",
      "average_score": 32630.4,
      "average_steps": 1448.42,
      "time_per_step_ms": 217.38767089721924,
      "rate_1024": 1.0,
      "rate_2048": 0.8,
      "rate_4096": 0.16,
      "rate_8192": 0.0,
      "rate_16384": 0.0,
      "rate_32768": 0.0,
      "micro_variance": 193.9000657787109,
      "micro_entropy": 0.4219200349288185,
      "micro_depth": 20.0
    },
    {
      "p4_prob": 0.35,
      "experiment": "MCTS-State",
      "variant": "State MCTS",
      "average_score": 38603.12,
      "average_steps": 1619.54,
      "time_per_step_ms": 206.2022889563347,
      "rate_1024": 1.0,
      "rate_2048": 0.92,
      "rate_4096": 0.26,
      "rate_8192": 0.0,
      "rate_16384": 0.0,
      "rate_32768": 0.0,
      "micro_variance": 190.95824788598512,
      "micro_entropy": 0.39914009176911974,
      "micro_depth": 19.0
    },
    {
      "p4_prob": 0.35,
      "experiment": "MCTS-After",
      "variant": "Afterstate MCTS",
      "average_score": 34885.2,
      "average_steps": 1479.24,
      "time_per_step_ms": 225.2949199052769,
      "rate_1024": 0.98,
      "rate_2048": 0.82,
      "rate_4096": 0.26,
      "rate_8192": 0.0,
      "rate_16384": 0.0,
      "rate_32768": 0.0,
      "micro_variance": 197.2539260838314,
      "micro_entropy": 0.41490534563280773,
      "micro_depth": 21.0
    },
    {
      "p4_prob": 0.4,
      "experiment": "MCTS-State",
      "variant": "State MCTS",
      "average_score": 33226.32,
      "average_steps": 1375.32,
      "time_per_step_ms": 210.42418268772818,
      "rate_1024": 1.0,
      "rate_2048": 0.78,
      "rate_4096": 0.22,
      "rate_8192": 0.0,
      "rate_16384": 0.0,
      "rate_32768": 0.0,
      "micro_variance": 192.86009468166233,
      "micro_entropy": 0.3952430575000498,
      "micro_depth": 19.0
    },
    {
      "p4_prob": 0.4,
      "experiment": "MCTS-After",
      "variant": "Afterstate MCTS",
      "average_score": 29358.48,
      "average_steps": 1246.16,
      "time_per_step_ms": 223.58673366698034,
      "rate_1024": 0.98,
      "rate_2048": 0.76,
      "rate_4096": 0.1,
      "rate_8192": 0.0,
      "rate_16384": 0.0,
      "rate_32768": 0.0,
      "micro_variance": 198.21073772388303,
      "micro_entropy": 0.4078286242820294,
      "micro_depth": 21.0
    },
    {
      "p4_prob": 0.45,
      "experiment": "MCTS-State",
      "variant": "State MCTS",
      "average_score": 28323.6,
      "average_steps": 1181.54,
      "time_per_step_ms": 205.3786585491871,
      "rate_1024": 1.0,
      "rate_2048": 0.72,
      "rate_4096": 0.06,
      "rate_8192": 0.0,
      "rate_16384": 0.0,
      "rate_32768": 0.0,
      "micro_variance": 192.79388515487724,
      "micro_entropy": 0.38978503859470104,
      "micro_depth": 21.0
    },
    {
      "p4_prob": 0.45,
      "experiment": "MCTS-After",