{
  "config": {
    "mode": "full",
    "seed": 181,
    "workers": 31,
    "output_dir": "models\\phase_3\\results\\topology_tests",
    "search_games": 50,
    "search_depth": 3,
    "regret_boards": 500,
    "planning_boards": 10,
    "planning_rollouts": [
      200,
      500
    ],
    "planning_stability_runs": 50,
    "planning_eval_games": 20,
    "max_game_steps": null,
    "q_episodes": 100000,
    "q_eval_games": 100,
    "q_bias_episode": 90000,
    "q_bias_samples": 100,
    "q_td_window": 1000
  },
  "summary": [
    {
      "experiment": "3-H-S",
      "variant": "Heuristic + State",
      "average_score": 29275.68,
      "average_steps": 1535.54,
      "time_per_step_ms": 201.69958077492618,
      "rate_1024": 1.0,
      "rate_2048": 0.68,
      "rate_4096": 0.06,
      "rate_8192": 0.0,
      "rate_16384": 0.0,
      "rate_32768": 0.0,
      "macro_depth": 5.219357098384003,
      "probe_entropy": 0.22050584284092203,
      "probe_depth": 5.37,
      "layer_profile": [
        1.0,
        21.67,
        154.56,
        405.91,
        347.43,
        66.57,
        3.66,
        0.19,
        0.0,
        0.0,
        0.0,
        0.0,
        0.0
      ]
    },
    {
      "experiment": "3-H-A",
      "variant": "Heuristic + Afterstate",
      "average_score": 33272.32,
      "average_steps": 1716.18,
      "time_per_step_ms": 214.97617099411383,
      "rate_1024": 1.0,
      "rate_2048": 0.82,
      "rate_4096": 0.1,
      "rate_8192": 0.0,
      "rate_16384": 0.0,
      "rate_32768": 0.0,
      "macro_depth": 5.8343439727751925,
      "probe_entropy": 0.2347614019626445,
      "probe_depth": 6.05,
      "layer_profile": [
        1.0,
        21.17,
        135.02,
        317.86,
        217.72,
        26.06,
        1.59,
        0.12,
        0.01,
        0.0,
        0.0,
        0.0,
        0.0
      ]
    },
    {
      "experiment": "3-N-S",
      "variant": "N-Tuple + State",
      "average_score": 90636.16,
      "average_steps": 4058.44,
      "time_per_step_ms": 214.6661825946186,
      "rate_1024": 1.0,
      "rate_2048": 1.0,
      "rate_4096": 0.92,
      "rate_8192": 0.24,
      "rate_16384": 0.0,
      "rate_32768": 0.0,
      "macro_depth": 5.196276615269194,
      "probe_entropy": 0.3296143259179159,
      "probe_depth": 5.69,
      "layer_profile": [
        1.0,
        21.29,
        149.88,
        380.62,
        342.93,
        91.42,
        11.22,
        2.14,
        0.41,
        0.05,
        0.0,
        0.0,
        0.0
      ]
    },
    {
      "experiment": "3-N-A",
      "variant": "N-Tuple + Afterstate",
      "average_score": 135712.0,
      "average_steps": 5766.8,
      "time_per_step_ms": 168.23448281213666,
      "rate_1024": 1.0,
      "rate_2048": 1.0,
      "rate_4096": 0.96,
      "rate_8192": 0.7,
      "rate_16384": 0.04,
      "rate_32768": 0.0,
      "macro_depth": 5.70582522707896,
      "probe_entropy": 0.31778875990001065,
      "probe_depth": 6.29,
      "layer_profile": [
        1.0,
        21.28,
        138.67,
        302.46,
        210.45,
        37.64,
        3.02,
        0.56,
        0.29,
        0.05,
        0.01,
        0.0,
        0.0
      ]
    }
  ],
  "details": {}
}