experiment,variant,average_score,average_steps,time_per_step_ms,rate_1024,rate_2048,rate_4096,rate_8192,rate_16384,rate_32768,macro_depth,probe_entropy,probe_depth,layer_profile
3-H-S,Heuristic + State,29275.68,1535.54,201.69958077492618,1.0,0.68,0.06,0.0,0.0,0.0,5.219357098384003,0.22050584284092203,5.37,"[1.0, 21.67, 154.56, 405.91, 347.43, 66.57, 3.66, 0.19, 0.0, 0.0, 0.0, 0.0, 0.0]"
3-H-A,Heuristic + Afterstate,33272.32,1716.18,214.97617099411383,1.0,0.82,0.1,0.0,0.0,0.0,5.8343439727751925,0.2347614019626445,6.05,"[1.0, 21.17, 135.02, 317.86, 217.72, 26.06, 1.59, 0.12, 0.01, 0.0, 0.0, 0.0, 0.0]"
3-N-S,N-Tuple + State,90636.16,4058.44,214.6661825946186,1.0,1.0,0.92,0.24,0.0,0.0,5.196276615269194,0.3296143259179159,5.69,"[1.0, 21.29, 149.88, 380.62, 342.93, 91.42, 11.22, 2.14, 0.41, 0.05, 0.0, 0.0, 0.0]"
3-N-A,N-Tuple + Afterstate,135712.0,5766.8,168.23448281213666,1.0,1.0,0.96,0.7,0.04,0.0,5.70582522707896,0.31778875990001065,6.29,"[1.0, 21.28, 138.67, 302.46, 210.45, 37.64, 3.02, 0.56, 0.29, 0.05, 0.01, 0.0, 0.0]"
