experiment,variant,target_mode,feature_mode,average_score,average_steps,time_per_step_ms,rate_1024,rate_2048,rate_4096,td_error_rms_final,td_error_rms_mean,average_bias,model_path,train_seconds
3-A,"Q(s,a)+StateNTuple",q,state,2843.6,243.6,0.15654050604807582,0.0,0.0,0.0,87.67015503547138,76.52943769053024,-1682.2942078641468,models\qlearning_runs\20260621_160440\qlearning_3a.pkl,1450.8204787999998
3-B,"Q(s,a)+AfterstateNTuple",q,afterstate,11808.0,741.2,0.10694164827052896,0.6,0.0,0.0,203.67424623896213,191.48036097468452,-5785.377761080816,models\qlearning_runs\20260621_160440\qlearning_3b.pkl,3326.2234818
3-C,V(s')+StateNTuple,v,state,2644.8,233.0,0.1448064018623735,0.0,0.0,0.0,91.5130448417808,80.98036382019151,-866.0632683032069,models\qlearning_runs\20260621_160440\qlearning_3c.pkl,1169.8243805
3-D,V(s')+AfterstateNTuple,v,afterstate,21270.8,1190.9,0.12209643916303273,0.8,0.4,0.0,281.0138090489758,249.16194339278204,-8927.484229670577,models\qlearning_runs\20260621_160440\qlearning_3d.pkl,3735.5058715
3-E,MV(s')+AfterstateNTuple,mv,afterstate,22452.8,1257.5,0.19245476272706083,0.8,0.3,0.0,379.36940243608336,245.47666496767138,-9791.424154702,models\qlearning_runs\20260621_160440\qlearning_3e.pkl,8117.5039346
