{
  "config": {
    "mode": "full",
    "seed": 181,
    "workers": 31,
    "output_dir": "models\\phrase_1\\eval_results",
    "search_games": 100,
    "search_depth": 3,
    "regret_boards": 500,
    "planning_boards": 100,
    "planning_rollouts": [
      200,
      500,
      1000,
      2000
    ],
    "planning_stability_runs": 50,
    "planning_eval_games": 10,
    "max_game_steps": null,
    "q_episodes": 25000,
    "q_eval_games": 10,
    "q_bias_episode": 90000,
    "q_bias_samples": 100,
    "q_td_window": 1000
  },
  "summary": [
    {
      "experiment": "3-A",
      "variant": "Q(s,a)+StateNTuple",
      "target_mode": "q",
      "feature_mode": "state",
      "average_score": 4466.0,
      "average_steps": 329.5,
      "time_per_step_ms": 0.17377651530234456,
      "rate_1024": 0.1,
      "rate_2048": 0.0,
      "rate_4096": 0.0,
      "rate_8192": 0.0,
      "rate_16384": 0.0,
      "rate_32768": 0.0,
      "td_error_rms_final": 119.43477423263077,
      "td_error_rms_mean": 96.78081638999382,
      "normalized_td_rms_final": 0.03372910879204484,
      "average_bias": -1329.681741871842,
      "average_norm_bias": 0.5907084241728097,
      "model_path": "models\\phrase_1\\qlearning_runs\\20260627_135045\\qlearning_3a.pkl",
      "train_seconds": 3436.9853238
    },
    {
      "experiment": "3-B",
      "variant": "Q(s,a)+AfterstateNTuple",
      "target_mode": "q",
      "feature_mode": "afterstate",
      "average_score": 10046.4,
      "average_steps": 647.7,
      "time_per_step_ms": 0.15979367732035551,
      "rate_1024": 0.3,
      "rate_2048": 0.0,
      "rate_4096": 0.0,
      "rate_8192": 0.0,
      "rate_16384": 0.0,
      "rate_32768": 0.0,
      "td_error_rms_final": 253.5355083606809,
      "td_error_rms_mean": 236.38065151439548,
      "normalized_td_rms_final": 0.016742752978979127,
      "average_bias": -5365.455771794406,
      "average_norm_bias": -0.36099517331304803,
      "model_path": "models\\phrase_1\\qlearning_runs\\20260627_135045\\qlearning_3b.pkl",
      "train_seconds": 5572.7872839
    },
    {
      "experiment": "3-C",
      "variant": "V(s')+StateNTuple",
      "target_mode": "v",
      "feature_mode": "state",
      "average_score": 2644.8,
      "average_steps": 233.0,
      "time_per_step_ms": 0.1779569323362201,
      "rate_1024": 0.0,
      "rate_2048": 0.0,
      "rate_4096": 0.0,
      "rate_8192": 0.0,
      "rate_16384": 0.0,
      "rate_32768": 0.0,
      "td_error_rms_final": 89.18636838995396,
      "td_error_rms_mean": 69.41038273918699,
      "normalized_td_rms_final": 0.02048848343440247,
      "average_bias": -776.3064661108765,
      "average_norm_bias": 1.4234301073534623,
      "model_path": "models\\phrase_1\\qlearning_runs\\20260627_135045\\qlearning_3c.pkl",
      "train_seconds": 2140.1750029
    },
    {
      "experiment": "3-D",
      "variant": "V(s')+AfterstateNTuple",
      "target_mode": "v",
      "feature_mode": "afterstate",
      "average_score": 20423.2,
      "average_steps": 1138.7,
      "time_per_step_ms": 0.12473983454858428,
      "rate_1024": 0.9,
      "rate_2048": 0.4,
      "rate_4096": 0.0,
      "rate_8192": 0.0,
      "rate_16384": 0.0,
      "rate_32768": 0.0,
      "td_error_rms_final": 527.4201768802232,
      "td_error_rms_mean": 654.9318976265597,
      "normalized_td_rms_final": 0.022450099045682678,
      "average_bias": -3723.66051801868,
      "average_norm_bias": 0.20334229694500958,
      "model_path": "models\\phrase_1\\qlearning_runs\\20260627_135045\\qlearning_3d.pkl",
      "train_seconds": 5783.4165324000005
    },
    {
      "experiment": "3-E",
      "variant": "MV(s')+AfterstateNTuple",
      "target_mode": "mv",
      "feature_mode": "afterstate",
      "average_score": 22508.4,
      "average_steps": 1249.2,
      "time_per_step_ms": 0.1494853578343655,
      "rate_1024": 0.9,
      "rate_2048": 0.4,
      "rate_4096": 0.0,
      "rate_8192": 0.0,
      "rate_16384": 0.0,
      "rate_32768": 0.0,
      "td_error_rms_final": 524.5919223967453,
      "td_error_rms_mean": 666.6639824849443,
      "normalized_td_rms_final": 0.030448193301801922,
      "average_bias": -2613.7542613611377,
      "average_norm_bias": 0.18244274864484122,
      "model_path": "models\\phrase_1\\qlearning_runs\\20260627_135045\\qlearning_3e.pkl",
      "train_seconds": 12913.2304687
    }
  ],
  "details": {}
}