experiment,variant,target_mode,feature_mode,average_score,average_steps,time_per_step_ms,rate_1024,rate_2048,rate_4096,rate_8192,rate_16384,rate_32768,td_error_rms_final,td_error_rms_mean,normalized_td_rms_final,average_bias,average_norm_bias,model_path,train_seconds
3-A,"Q(s,a)+StateNTuple",q,state,2027.2,190.4,0.19863912714011392,0.0,0.0,0.0,0.0,0.0,0.0,92.33494903686453,72.49085310406828,0.02125085133184454,-1302.9522566435905,-0.39079240928747583,models\phrase_1\qlearning_runs\20260627_122637\qlearning_3a.pkl,1068.2122865
3-B,"Q(s,a)+AfterstateNTuple",q,afterstate,7370.8,521.7,0.1416885390352583,0.0,0.0,0.0,0.0,0.0,0.0,164.4472391365708,147.99269092899954,0.021320788167583406,-3410.55112379596,-0.41687062379627704,models\phrase_1\qlearning_runs\20260627_122637\qlearning_3b.pkl,1536.9986463999999
3-C,V(s')+StateNTuple,v,state,2644.8,233.0,0.16190111190177867,0.0,0.0,0.0,0.0,0.0,0.0,79.50735140511104,61.91075624429251,0.03600550285531702,-1164.1229317610077,0.7205992880022281,models\phrase_1\qlearning_runs\20260627_122637\qlearning_3c.pkl,775.5024894999999
3-D,V(s')+AfterstateNTuple,v,afterstate,14310.0,864.8,0.07906267683425847,0.6,0.1,0.0,0.0,0.0,0.0,288.95083707689173,330.0988088237612,0.017052277195449498,-6647.047773266768,-0.13123843170877694,models\phrase_1\qlearning_runs\20260627_122637\qlearning_3d.pkl,1896.6557198
3-E,MV(s')+AfterstateNTuple,mv,afterstate,16017.6,939.3,0.19613876974079764,0.7,0.2,0.0,0.0,0.0,0.0,311.2435031235338,331.1884555943612,0.017829151808646033,-6434.302437196626,-0.3014824997517179,models\phrase_1\qlearning_runs\20260627_122637\qlearning_3e.pkl,4286.3445864000005
