experiment,variant,target_mode,feature_mode,average_score,average_steps,time_per_step_ms,rate_1024,rate_2048,rate_4096,td_error_rms_final,td_error_rms_mean,average_bias,model_path,train_seconds
3-A,"Q(s,a)+StateNTuple",q,state,2732.0,246.66666666666666,0.4448722278371795,0.0,0.0,0.0,27.631839814853283,23.375508262723642,-1201.0561841391664,models\qlearning_runs\20260615_180545\qlearning_3a.pkl,1355.4122455
3-B,"Q(s,a)+AfterstateNTuple",q,afterstate,2525.3333333333335,224.0,0.39696856554220866,0.0,0.0,0.0,61.15723964190806,48.436668430551364,-1537.8211988134037,models\qlearning_runs\20260615_180545\qlearning_3b.pkl,1058.1902392000002
3-C,V(s')+StateNTuple,v,state,2352.0,221.0,0.3546585063245979,0.0,0.0,0.0,35.45861843121195,29.27343935263287,-1802.2517020562452,models\qlearning_runs\20260615_180545\qlearning_3c.pkl,1128.2828814999998
3-D,V(s')+AfterstateNTuple,v,afterstate,3753.3333333333335,291.6666666666667,0.5150887803545662,0.0,0.0,0.0,229.14474151681023,299.040330361047,-1652.5512438893034,models\qlearning_runs\20260615_180545\qlearning_3d.pkl,1560.3889989000004
3-E,MV(s')+AfterstateNTuple,mv,afterstate,6068.0,417.0,0.774299764284192,0.0,0.0,0.0,236.2972375903455,303.350964940844,-1746.2217342012402,models\qlearning_runs\20260615_180545\qlearning_3e.pkl,3309.0267102000007
