average_score,average_steps,time_per_step_ms,rate_1024,rate_2048,rate_4096,rate_8192,rate_16384,rate_32768,experiment,variant,algorithm,depth,leaf_mode,use_afterstate,use_pruning,b_eff,compression_ratio,node_count
4220.8,326.9,0.8343365942359695,0.0,0.0,0.0,0.0,0.0,0.0,1-A,Greedy Baseline,greedy,1,afterstate,False,False,3.4951793797058053,0.996761484184758,3.4951793797058053
10604.4,660.7,12.31253213068664,0.5,0.0,0.0,0.0,0.0,0.0,1-B,Standard+Heuristic,expectimax,2,state,False,False,47.77911631199187,0.9964076890547122,2616.5431241401407
11840.8,713.8,3.5723502782637895,0.4,0.1,0.0,0.0,0.0,0.0,1-C,Afterstate+Heuristic,expectimax,2,afterstate,True,False,14.705947824014768,0.4925857072117455,227.0993252080851
75624.0,3422.5,61.29077652908317,1.0,1.0,0.8,0.2,0.0,0.0,1-D,Standard+StateNTuple,expectimax,2,state,False,False,38.792167683655556,0.9980199935462588,1643.6895717191178
4808.4,356.0,66.82210873041079,0.1,0.0,0.0,0.0,0.0,0.0,1-E,Standard+AfterstateNTuple,expectimax,2,state,False,False,44.10474387549981,0.9937084086878505,2316.8298375628406
56540.8,2685.0,4.879952981676626,1.0,1.0,0.6,0.0,0.0,0.0,1-F,Afterstate+StateNTuple,expectimax,2,afterstate,True,False,13.187975262664626,0.5541831225886825,180.03687273218515
104198.4,4523.2,4.745525150451689,1.0,1.0,0.9,0.5,0.0,0.0,1-G,Afterstate+AfterstateNTuple,expectimax,2,afterstate,True,False,13.026555830051105,0.5532238723863954,176.05582765477743
124834.0,5287.9,5.017437559297429,1.0,1.0,0.9,0.7,0.0,0.0,1-H,AfterstateNTuple+Pruning,expectimax,2,afterstate,True,True,8.061736215376698,0.5949605031384636,66.44878219045106
