average_score,average_steps,time_per_step_ms,rate_1024,rate_2048,rate_4096,rate_8192,rate_16384,rate_32768,experiment,variant,depth,eval_type,use_beam_search,use_tt,b_eff,compression_ratio,node_count,tt_hit_rate
12505.12,748.22,4.69592819531415,0.66,0.06,0.0,0.0,0.0,0.0,2-A1,Heuristic + Base,2,heuristic,False,False,14.341520171263987,0.5024038157056082,217.13255907731275,0.0
8996.48,579.58,4.272328487498313,0.34,0.0,0.0,0.0,0.0,0.0,2-A2,Heuristic + BeamSearch,2,heuristic,True,False,8.787301357805337,0.5720900910381141,80.46129117686374,0.0
12505.12,748.22,4.629911438485177,0.66,0.06,0.0,0.0,0.0,0.0,2-A3,Heuristic + HashDAG,2,heuristic,False,True,14.330791984067078,0.5034840089444458,216.82428814288832,0.0005019166064095445
113399.12,4890.48,8.934636143902303,1.0,0.98,0.92,0.58,0.0,0.0,2-B1,NTuple + Base,2,ntuple_afterstate,False,False,12.905144038656838,0.5525878324346446,172.97801566048477,0.0
120719.04,5164.06,8.366851200696514,1.0,1.0,0.94,0.66,0.0,0.0,2-B2,NTuple + BeamSearch,2,ntuple_afterstate,True,False,7.923718260663086,0.5957360250844024,64.37241316684087,0.0
113399.12,4890.48,9.143620777680505,1.0,0.98,0.92,0.58,0.0,0.0,2-B3,NTuple + HashDAG,2,ntuple_afterstate,False,True,12.896384449926718,0.5536794164271085,172.75938426012246,0.00044970940600100025
