experiment,variant,target_mode,feature_mode,average_score,average_steps,time_per_step_ms,rate_1024,rate_2048,rate_4096,rate_8192,rate_16384,rate_32768,td_error_rms_final,td_error_rms_mean,normalized_td_rms_final,average_bias,average_norm_bias,norm_bias_rom,td_error_m_rms_final,td_error_m_rms_mean,model_path,train_seconds
3-C,V(s')+State (Sampled),v,state,2979.56,253.74,0.08404185383648695,0.0,0.0,0.0,0.0,0.0,0.0,88.21993920729051,77.27933362837652,0.028785205928919966,-487.61661567105983,1.704195770419182,-0.241437392639807,0.0,0.0,models/phrase_1/qlearning_runs/20260701_040158/qlearning_3c.pkl,4031.8691248940304
3-D,V(s')+Afterstate (Baseline),v,afterstate,18731.28,1035.79,0.05296662453776607,0.76,0.34,0.02,0.0,0.0,0.0,1651.2542841647273,2276.25504883372,0.09583906639543868,34002.04958347238,2.7654100640106725,1.9762153330810348,0.0,0.0,models/phrase_1/qlearning_runs/20260701_040158/qlearning_3d.pkl,13115.445306905545
3-E,TDA-Full+State (Expected),tda_full,state,2979.56,253.74,0.06403688914312303,0.0,0.0,0.0,0.0,0.0,0.0,157.87093211444056,140.10863015607933,0.051294524086571425,1013.9854156790484,4.1926833780104,0.5020624545359809,0.0,0.0,models/phrase_1/qlearning_runs/20260701_040158/qlearning_3e.pkl,12433.581134759821
3-F,TDA-Full+Afterstate (Paper),tda_full,afterstate,17766.8,1004.93,0.05479507994848041,0.78,0.2,0.02,0.0,0.0,0.0,1314.481027215403,1853.786993584213,0.07563343763440136,37845.664193493125,4.705276409419427,2.3550623894514175,0.0,0.0,models/phrase_1/qlearning_runs/20260701_040158/qlearning_3f.pkl,38402.954883706756
3-G,Downside-MV+Afterstate,mv,afterstate,17936.56,1003.17,0.11187415542052305,0.71,0.26,0.02,0.0,0.0,0.0,1693.4890462597746,2328.393316156496,0.09830652189651781,35278.820321263214,3.594327259233943,1.9498472525061026,1471.0007155109843,1759.8860974276658,models/phrase_1/qlearning_runs/20260701_040158/qlearning_3g.pkl,24195.920150032267
