average_score,average_steps,time_per_step_ms,rate_1024,rate_2048,rate_4096,rate_8192,rate_16384,rate_32768,experiment,variant,depth,eval_type,use_beam_search,use_tt,b_eff,compression_ratio,node_count,tt_hit_rate
20096.48,1109.12,46.05579827719031,0.94,0.36,0.0,0.0,0.0,0.0,2-A1,Heuristic + Base,3,heuristic,False,False,20.83356927081633,0.20726458828274907,10892.146887107701,0.0
13344.0,788.48,22.694757866544965,0.68,0.12,0.0,0.0,0.0,0.0,2-A2,Heuristic + BeamSearch,3,heuristic,True,False,12.65601251438503,0.2576461190730349,2380.9368579033394,0.0
20096.48,1109.12,32.44204331205288,0.94,0.36,0.0,0.0,0.0,0.0,2-A3,Heuristic + HashDAG,3,heuristic,False,True,15.97339113653824,0.40328586209308676,4586.571254971268,0.030674347689969118
144702.72,6049.1,314.0224106073052,1.0,1.0,1.0,0.84,0.02,0.0,2-B1,NTuple + Base,3,ntuple_afterstate,False,False,18.158663116105387,0.24891791193775303,6937.664580012821,0.0
130123.04,5528.84,171.95305119977297,1.0,1.0,0.98,0.76,0.0,0.0,2-B2,NTuple + BeamSearch,3,ntuple_afterstate,True,False,10.958724178575876,0.2599371249467893,1476.0652294747,0.0
144702.72,6049.1,148.23337196295765,1.0,1.0,1.0,0.84,0.02,0.0,2-B3,NTuple + HashDAG,3,ntuple_afterstate,False,True,14.41099449568053,0.46258373514668255,3307.328467400272,0.03014283164535162
